entry_id,4654,4668,4676,4729,4745,4752,4776,4780,4787,4794,4808,4814,4821,4827,4954,4983,5015,5046,5077,5121,5122,5127,5128,5129,5130,5132,5137,5142,5143,5148,5152,5154,5181,5188,5192,5196,5212,5220,5224,5226,weight
174,1,1,-1,1,-1,-1,1,1,-1,1,-1,-1,1,1,1,1,1,1,1,-1,-1,-1,1,1,-1,-1,-1,-1,1,1,1,-1,-1,-1,-1,-1,-1,-1,1,-1,1.0
190,1,1,1,1,1,1,-1,1,1,1,-1,-1,1,1,1,1,1,1,1,-1,1,-1,-1,1,-1,-1,-1,-1,1,-1,1,-1,1,-1,-1,-1,1,1,1,-1,0.03125
190,1,1,1,1,1,1,-1,1,1,1,-1,-1,1,1,1,1,1,1,1,-1,1,-1,-1,1,-1,-1,-1,-1,1,-1,1,-1,1,-1,-1,-1,-1,1,1,-1,0.03125
190,1,1,1,1,1,1,-1,1,1,1,-1,-1,1,1,1,1,1,1,1,-1,1,-1,-1,1,-1,-1,-1,-1,1,-1,-1,1,1,-1,-1,-1,1,1,1,-1,0.03125
190,1,1,1,1,1,1,-1,1,1,1,-1,-1,1,1,1,1,1,1,1,-1,1,-1,-1,1,-1,-1,-1,-1,1,-1,-1,1,1,-1,-1,-1,-1,1,1,-1,0.03125
190,1,1,1,1,1,1,-1,1,1,1,-1,-1,1,1,1,1,1,1,1,-1,-1,-1,-1,1,-1,-1,-1,-1,1,-1,1,1,1,-1,-1,-1,1,1,1,-1,0.03125
190,1,1,1,1,1,1,-1,1,1,1,-1,-1,1,1,1,1,1,1,1,-1,1,-1,-1,1,-1,-1,-1,-1,1,-1,-1,-1,1,-1,-1,-1,1,1,1,-1,0.03125
190,1,1,1,1,1,1,-1,1,1,1,-1,-1,1,1,1,1,1,1,1,-1,1,-1,-1,1,-1,-1,-1,-1,1,-1,-1,-1,1,-1,-1,-1,-1,1,1,-1,0.03125
190,1,1,1,1,1,1,-1,1,1,1,-1,-1,1,1,1,1,1,1,1,-1,-1,-1,-1,1,-1,-1,-1,-1,1,-1,-1,1,1,-1,-1,-1,-1,1,1,-1,0.03125
190,1,1,1,1,1,1,-1,1,1,1,-1,-1,1,1,1,1,1,1,1,-1,-1,-1,-1,1,-1,-1,-1,-1,1,-1,1,1,1,-1,-1,-1,-1,1,1,-1,0.03125
190,1,1,1,1,1,1,-1,1,1,1,-1,-1,1,1,1,1,1,1,1,-1,-1,-1,-1,1,-1,-1,-1,-1,1,-1,1,-1,1,-1,-1,-1,1,1,1,-1,0.03125
190,1,1,1,1,1,1,-1,1,1,1,-1,-1,1,1,1,1,1,1,1,-1,-1,-1,-1,1,-1,-1,-1,-1,1,-1,-1,1,1,-1,-1,-1,1,1,1,-1,0.03125
190,1,1,1,1,1,1,-1,1,1,1,-1,-1,1,1,1,1,1,1,1,-1,1,-1,-1,1,-1,-1,-1,-1,1,-1,1,1,1,-1,-1,-1,1,1,1,-1,0.03125
190,1,1,1,1,1,1,-1,1,1,1,-1,-1,1,1,1,1,1,1,1,-1,-1,-1,-1,1,-1,-1,-1,-1,1,-1,-1,-1,1,-1,-1,-1,1,1,1,-1,0.03125
190,1,1,1,1,1,1,-1,1,1,1,-1,-1,1,1,1,1,1,1,1,-1,-1,-1,-1,1,-1,-1,-1,-1,1,-1,-1,-1,1,-1,-1,-1,-1,1,1,-1,0.03125
190,1,1,1,1,1,1,-1,1,1,1,-1,-1,1,1,1,1,1,1,1,-1,1,-1,-1,1,-1,-1,-1,-1,1,-1,1,1,1,-1,-1,-1,-1,1,1,-1,0.03125
190,1,1,1,1,1,1,-1,1,1,1,-1,-1,1,1,1,1,1,1,1,-1,-1,-1,-1,1,-1,-1,-1,-1,1,-1,1,-1,1,-1,-1,-1,-1,1,1,-1,0.03125
190,1,1,1,1,1,1,-1,1,1,1,-1,-1,1,1,1,1,1,1,1,1,-1,-1,-1,1,-1,-1,-1,-1,1,-1,-1,-1,1,-1,-1,-1,-1,1,1,-1,0.03125
190,1,1,1,1,1,1,-1,1,1,1,-1,-1,1,1,1,1,1,1,1,1,1,-1,-1,1,-1,-1,-1,-1,1,-1,1,1,1,-1,-1,-1,1,1,1,-1,0.03125
190,1,1,1,1,1,1,-1,1,1,1,-1,-1,1,1,1,1,1,1,1,1,1,-1,-1,1,-1,-1,-1,-1,1,-1,1,1,1,-1,-1,-1,-1,1,1,-1,0.03125
190,1,1,1,1,1,1,-1,1,1,1,-1,-1,1,1,1,1,1,1,1,1,-1,-1,-1,1,-1,-1,-1,-1,1,-1,1,-1,1,-1,-1,-1,1,1,1,-1,0.03125
190,1,1,1,1,1,1,-1,1,1,1,-1,-1,1,1,1,1,1,1,1,1,1,-1,-1,1,-1,-1,-1,-1,1,-1,1,-1,1,-1,-1,-1,-1,1,1,-1,0.03125
190,1,1,1,1,1,1,-1,1,1,1,-1,-1,1,1,1,1,1,1,1,1,1,-1,-1,1,-1,-1,-1,-1,1,-1,-1,1,1,-1,-1,-1,1,1,1,-1,0.03125
190,1,1,1,1,1,1,-1,1,1,1,-1,-1,1,1,1,1,1,1,1,1,1,-1,-1,1,-1,-1,-1,-1,1,-1,-1,1,1,-1,-1,-1,-1,1,1,-1,0.03125
190,1,1,1,1,1,1,-1,1,1,1,-1,-1,1,1,1,1,1,1,1,1,1,-1,-1,1,-1,-1,-1,-1,1,-1,-1,-1,1,-1,-1,-1,1,1,1,-1,0.03125
190,1,1,1,1,1,1,-1,1,1,1,-1,-1,1,1,1,1,1,1,1,1,1,-1,-1,1,-1,-1,-1,-1,1,-1,1,-1,1,-1,-1,-1,1,1,1,-1,0.03125
190,1,1,1,1,1,1,-1,1,1,1,-1,-1,1,1,1,1,1,1,1,1,-1,-1,-1,1,-1,-1,-1,-1,1,-1,1,1,1,-1,-1,-1,1,1,1,-1,0.03125
190,1,1,1,1,1,1,-1,1,1,1,-1,-1,1,1,1,1,1,1,1,1,-1,-1,-1,1,-1,-1,-1,-1,1,-1,1,1,1,-1,-1,-1,-1,1,1,-1,0.03125
190,1,1,1,1,1,1,-1,1,1,1,-1,-1,1,1,1,1,1,1,1,1,1,-1,-1,1,-1,-1,-1,-1,1,-1,-1,-1,1,-1,-1,-1,-1,1,1,-1,0.03125
190,1,1,1,1,1,1,-1,1,1,1,-1,-1,1,1,1,1,1,1,1,1,-1,-1,-1,1,-1,-1,-1,-1,1,-1,1,-1,1,-1,-1,-1,-1,1,1,-1,0.03125
190,1,1,1,1,1,1,-1,1,1,1,-1,-1,1,1,1,1,1,1,1,1,-1,-1,-1,1,-1,-1,-1,-1,1,-1,-1,1,1,-1,-1,-1,1,1,1,-1,0.03125
190,1,1,1,1,1,1,-1,1,1,1,-1,-1,1,1,1,1,1,1,1,1,-1,-1,-1,1,-1,-1,-1,-1,1,-1,-1,1,1,-1,-1,-1,-1,1,1,-1,0.03125
190,1,1,1,1,1,1,-1,1,1,1,-1,-1,1,1,1,1,1,1,1,1,-1,-1,-1,1,-1,-1,-1,-1,1,-1,-1,-1,1,-1,-1,-1,1,1,1,-1,0.03125
200,1,1,1,1,1,1,1,1,1,1,-1,-1,-1,1,1,1,1,-1,1,-1,1,-1,-1,1,-1,-1,-1,-1,-1,1,1,1,1,1,-1,1,1,-1,1,-1,1.0
230,1,-1,1,-1,1,1,1,1,-1,1,1,1,1,1,1,1,1,-1,1,-1,-1,-1,-1,-1,-1,-1,-1,-1,-1,1,1,1,1,1,-1,-1,-1,-1,1,1,1.0
263,1,1,1,1,1,1,1,1,-1,-1,-1,-1,1,1,1,-1,1,1,1,-1,-1,-1,1,-1,-1,-1,-1,-1,-1,1,1,1,1,-1,-1,-1,1,-1,-1,1,1.0
284,1,-1,-1,1,-1,-1,1,1,-1,1,-1,1,1,1,1,1,-1,-1,1,-1,-1,-1,-1,1,1,-1,-1,-1,-1,1,-1,1,1,-1,-1,-1,-1,-1,-1,1,1.0
381,1,-1,-1,1,1,-1,1,1,1,1,-1,-1,-1,1,1,1,1,-1,1,-1,-1,-1,-1,-1,-1,-1,-1,-1,-1,-1,1,-1,-1,-1,-1,-1,-1,1,-1,1,1.0
383,1,1,-1,1,1,1,1,1,1,-1,-1,-1,-1,1,1,-1,-1,1,1,-1,1,-1,1,1,-1,-1,-1,-1,-1,1,1,1,-1,1,-1,-1,-1,-1,-1,1,1.0
390,1,-1,1,1,1,1,1,1,1,1,-1,-1,-1,1,1,1,1,-1,-1,-1,-1,-1,-1,-1,-1,-1,-1,-1,-1,-1,1,1,1,-1,-1,-1,-1,-1,1,-1,1.0
392,1,-1,-1,1,1,-1,1,1,1,1,-1,-1,-1,1,1,1,1,-1,1,-1,-1,-1,-1,-1,-1,-1,-1,-1,-1,-1,1,-1,-1,-1,-1,-1,-1,1,-1,1,1.0
395,1,1,-1,1,1,1,1,1,1,1,-1,1,1,1,1,1,1,1,1,1,1,-1,1,1,-1,-1,-1,-1,-1,-1,-1,-1,1,-1,-1,-1,-1,1,1,-1,1.0
400,1,1,-1,1,1,1,1,1,-1,1,1,1,1,1,1,1,1,1,1,-1,1,-1,-1,-1,-1,-1,-1,-1,1,1,-1,1,1,1,1,-1,1,-1,1,-1,1.0
415,1,-1,1,1,1,1,1,1,1,1,-1,-1,-1,1,1,1,1,1,1,1,-1,-1,1,1,-1,-1,-1,-1,1,1,1,1,-1,-1,-1,-1,-1,-1,-1,1,1.0
416,1,1,1,1,-1,1,1,1,-1,-1,-1,-1,1,1,1,1,1,1,1,-1,1,-1,1,1,-1,-1,-1,-1,-1,1,1,1,1,-1,-1,-1,1,-1,1,1,1.0
419,1,-1,1,1,1,1,1,1,1,1,-1,-1,-1,1,1,1,1,1,1,-1,1,-1,1,1,-1,-1,-1,-1,-1,-1,-1,-1,-1,-1,-1,-1,-1,-1,-1,-1,1.0
442,1,1,-1,1,1,1,1,1,-1,1,-1,-1,1,1,1,1,1,1,1,-1,-1,-1,-1,-1,-1,-1,-1,-1,-1,1,1,1,-1,-1,-1,-1,-1,-1,1,-1,1.0
469,1,-1,-1,1,1,1,1,1,1,1,-1,-1,1,-1,-1,-1,-1,-1,1,-1,1,-1,-1,1,-1,-1,-1,-1,1,1,1,1,1,-1,-1,-1,1,-1,1,-1,1.0
472,1,1,-1,1,1,1,1,1,1,1,-1,1,-1,1,1,-1,1,1,1,-1,1,-1,-1,1,-1,-1,-1,-1,1,1,1,1,1,-1,-1,-1,-1,-1,1,1,1.0
476,1,-1,1,1,1,1,1,1,-1,1,-1,1,1,1,1,1,1,-1,1,-1,1,-1,1,1,1,-1,-1,-1,1,1,1,1,1,1,-1,-1,-1,1,1,1,1.0
478,1,1,1,1,1,1,1,1,1,1,-1,-1,1,1,1,1,1,-1,1,-1,1,-1,-1,-1,-1,-1,-1,-1,-1,-1,-1,-1,-1,-1,-1,-1,1,-1,-1,-1,1.0
483,1,1,-1,1,1,-1,1,1,-1,1,-1,-1,1,1,1,1,1,1,1,-1,-1,-1,-1,-1,-1,-1,-1,-1,-1,1,1,1,1,-1,-1,-1,-1,-1,1,-1,1.0
484,1,1,-1,1,-1,-1,1,1,-1,1,-1,-1,1,1,1,1,1,1,1,-1,1,-1,-1,-1,-1,-1,-1,-1,-1,1,1,-1,-1,-1,-1,-1,-1,-1,1,-1,1.0
486,1,1,-1,1,1,1,1,1,-1,1,-1,-1,1,1,1,-1,-1,1,1,-1,1,-1,1,1,-1,-1,-1,-1,1,1,-1,1,-1,-1,-1,-1,-1,-1,-1,-1,1.0
520,1,-1,1,1,1,1,1,1,1,1,1,1,-1,1,1,1,1,-1,1,-1,1,-1,1,1,-1,-1,-1,-1,1,1,1,1,1,1,-1,-1,-1,1,1,1,1.0
525,1,1,-1,1,1,1,1,1,-1,1,-1,-1,1,1,1,-1,-1,1,1,-1,1,-1,1,1,-1,-1,-1,-1,1,1,-1,1,-1,-1,-1,-1,-1,-1,1,-1,1.0
526,1,1,-1,1,1,-1,1,1,-1,-1,-1,-1,1,1,1,1,1,1,1,-1,1,-1,-1,1,-1,-1,-1,-1,1,1,1,1,1,-1,-1,-1,-1,1,-1,1,1.0
563,1,-1,-1,1,-1,-1,1,1,1,1,-1,-1,-1,1,1,1,1,-1,1,-1,-1,-1,-1,-1,-1,-1,-1,-1,-1,1,1,1,-1,-1,-1,-1,-1,-1,1,1,1.0
564,1,1,-1,1,1,-1,1,1,-1,-1,-1,-1,1,1,1,1,1,1,1,-1,1,-1,-1,-1,-1,-1,-1,-1,-1,1,1,1,1,-1,-1,-1,-1,1,1,-1,1.0
570,1,-1,-1,1,-1,-1,1,1,1,-1,-1,-1,-1,1,1,-1,1,1,1,-1,1,-1,1,1,-1,-1,-1,-1,-1,1,-1,-1,-1,-1,-1,-1,1,-1,1,-1,1.0
592,1,-1,-1,1,1,1,1,1,1,1,-1,1,1,1,1,1,1,-1,1,-1,-1,-1,1,1,-1,-1,-1,-1,-1,-1,1,-1,1,-1,-1,-1,-1,-1,1,-1,0.25
592,1,-1,-1,1,1,1,1,1,1,1,-1,1,1,1,1,1,1,-1,1,-1,1,-1,1,1,-1,-1,-1,-1,-1,-1,1,-1,1,-1,-1,-1,-1,-1,1,-1,0.25
592,1,-1,1,1,1,1,1,1,1,1,-1,1,1,1,1,1,1,-1,1,-1,-1,-1,1,1,-1,-1,-1,-1,-1,-1,1,-1,1,-1,-1,-1,-1,-1,1,-1,0.25
592,1,-1,1,1,1,1,1,1,1,1,-1,1,1,1,1,1,1,-1,1,-1,1,-1,1,1,-1,-1,-1,-1,-1,-1,1,-1,1,-1,-1,-1,-1,-1,1,-1,0.25
629,1,-1,-1,1,1,-1,1,1,1,1,1,-1,1,1,1,1,1,-1,1,-1,1,-1,1,1,-1,-1,-1,-1,-1,1,1,1,-1,-1,-1,-1,-1,-1,1,-1,1.0
646,1,-1,-1,1,-1,1,1,1,1,1,-1,1,1,1,1,1,-1,-1,1,-1,-1,-1,1,-1,1,-1,-1,-1,-1,1,1,1,-1,-1,-1,-1,-1,1,1,-1,1.0
649,1,-1,1,1,1,1,1,1,1,1,-1,-1,-1,1,-1,-1,-1,-1,-1,-1,-1,-1,-1,-1,-1,-1,-1,-1,-1,-1,-1,-1,-1,-1,-1,-1,-1,-1,1,-1,1.0
654,1,1,1,1,1,1,1,1,-1,1,-1,-1,1,1,1,1,1,1,1,1,-1,-1,1,1,-1,-1,-1,-1,1,1,1,1,1,1,-1,-1,1,-1,1,1,1.0
680,1,-1,-1,1,1,1,1,1,1,-1,-1,-1,-1,1,1,1,1,-1,1,-1,-1,-1,-1,-1,-1,-1,-1,-1,-1,-1,-1,-1,-1,-1,-1,-1,-1,-1,1,-1,1.0
690,1,1,-1,1,1,-1,1,1,-1,1,-1,1,1,1,1,-1,1,1,1,-1,-1,-1,1,-1,-1,-1,-1,-1,-1,1,1,1,1,-1,-1,-1,1,-1,1,-1,1.0
714,1,1,1,1,1,1,1,1,1,1,-1,-1,-1,1,1,1,1,-1,1,-1,1,-1,-1,1,-1,-1,-1,-1,1,1,1,1,1,-1,-1,-1,1,1,1,1,1.0
738,1,-1,1,1,1,1,1,1,-1,1,-1,1,1,1,1,1,1,-1,1,-1,1,-1,-1,1,-1,-1,-1,-1,1,1,1,1,1,1,-1,-1,-1,1,1,1,1.0
742,1,1,-1,1,1,1,-1,1,1,1,-1,-1,-1,-1,-1,-1,-1,-1,1,1,-1,-1,1,-1,-1,-1,-1,-1,1,1,1,1,1,-1,-1,-1,1,1,1,-1,1.0
749,1,-1,-1,-1,-1,-1,1,1,1,-1,1,1,1,1,1,1,1,-1,-1,-1,-1,-1,1,1,-1,-1,-1,-1,1,1,1,1,-1,-1,-1,-1,-1,-1,1,-1,1.0
755,1,1,-1,1,1,1,1,1,-1,1,-1,-1,1,1,-1,1,1,-1,1,-1,-1,-1,1,1,-1,-1,-1,-1,-1,1,-1,-1,-1,-1,-1,-1,-1,1,1,1,0.5
755,1,1,-1,1,1,1,1,1,-1,1,-1,-1,1,1,-1,1,1,1,1,-1,-1,-1,1,1,-1,-1,-1,-1,-1,1,-1,-1,-1,-1,-1,-1,-1,1,1,1,0.5
842,1,1,-1,1,-1,-1,1,1,-1,-1,-1,-1,1,1,1,-1,1,1,1,-1,1,-1,-1,-1,-1,-1,-1,-1,-1,-1,-1,1,-1,-1,-1,-1,-1,-1,-1,-1,1.0
848,1,1,1,1,1,1,-1,-1,-1,1,-1,1,1,1,-1,-1,-1,1,1,-1,1,-1,1,1,1,-1,-1,-1,-1,1,-1,1,-1,-1,-1,-1,1,-1,1,-1,1.0
849,1,1,-1,1,-1,-1,1,1,-1,-1,-1,-1,-1,1,1,1,1,1,1,-1,-1,-1,-1,-1,-1,-1,-1,-1,-1,1,-1,1,-1,-1,-1,-1,-1,-1,1,-1,1.0
851,1,-1,-1,1,1,-1,1,1,1,1,-1,-1,-1,1,1,1,1,-1,1,-1,-1,-1,-1,-1,-1,-1,-1,-1,-1,-1,-1,1,1,1,-1,-1,1,1,1,1,1.0
854,1,-1,1,1,1,1,1,1,1,-1,-1,1,1,1,1,1,1,-1,1,-1,-1,-1,-1,1,-1,1,1,-1,1,1,1,1,1,-1,-1,-1,1,1,1,1,1.0
855,1,1,1,1,1,-1,1,1,-1,1,-1,-1,1,1,1,1,1,1,1,-1,1,-1,1,-1,1,-1,-1,-1,1,1,-1,1,1,-1,-1,-1,-1,-1,1,-1,1.0
857,1,1,-1,1,-1,-1,1,1,-1,-1,-1,-1,1,1,1,1,1,1,1,-1,1,-1,1,1,-1,-1,-1,-1,1,1,-1,-1,1,1,-1,-1,-1,-1,1,-1,1.0
862,1,-1,-1,1,1,1,1,1,1,1,-1,-1,-1,1,-1,-1,-1,1,1,-1,1,-1,-1,-1,-1,-1,-1,-1,-1,-1,-1,-1,-1,-1,-1,-1,-1,-1,1,-1,1.0
867,1,1,-1,1,1,1,1,1,1,1,-1,-1,-1,1,-1,1,1,1,1,-1,-1,-1,-1,-1,-1,-1,-1,-1,1,1,1,1,-1,-1,-1,-1,-1,1,1,-1,0.25
867,1,1,-1,1,1,1,1,1,1,1,-1,-1,1,1,-1,1,1,1,1,-1,-1,-1,-1,-1,-1,-1,-1,-1,1,1,1,1,-1,-1,-1,-1,-1,1,1,-1,0.25
867,1,1,-1,1,1,1,1,1,1,1,-1,1,-1,1,-1,1,1,1,1,-1,-1,-1,-1,-1,-1,-1,-1,-1,1,1,1,1,-1,-1,-1,-1,-1,1,1,-1,0.25
867,1,1,-1,1,1,1,1,1,1,1,-1,1,1,1,-1,1,1,1,1,-1,-1,-1,-1,-1,-1,-1,-1,-1,1,1,1,1,-1,-1,-1,-1,-1,1,1,-1,0.25
871,1,-1,-1,-1,-1,-1,1,1,-1,-1,-1,-1,1,1,-1,-1,-1,-1,1,-1,-1,-1,-1,-1,-1,-1,-1,-1,-1,-1,-1,-1,-1,-1,-1,-1,-1,-1,1,-1,1.0
873,1,1,-1,1,-1,-1,1,1,-1,-1,-1,-1,1,1,1,1,1,1,1,1,1,-1,-1,1,-1,-1,-1,-1,1,1,1,1,1,1,-1,-1,-1,-1,1,-1,1.0
877,1,-1,-1,1,1,1,1,1,1,1,-1,-1,1,1,-1,-1,-1,1,1,-1,1,-1,-1,1,-1,-1,-1,-1,1,1,-1,-1,1,1,-1,-1,-1,-1,-1,-1,1.0
879,1,1,-1,1,-1,-1,1,1,-1,-1,-1,-1,1,1,1,1,1,1,1,-1,1,-1,-1,-1,-1,-1,-1,-1,-1,-1,-1,-1,1,1,-1,-1,-1,-1,-1,-1,1.0
884,1,1,1,1,-1,-1,1,1,-1,-1,-1,-1,1,1,1,1,1,1,1,-1,-1,-1,1,-1,-1,-1,-1,-1,-1,1,-1,1,1,-1,1,1,1,-1,1,1,1.0
885,1,-1,-1,-1,1,1,1,1,1,1,1,1,1,1,1,1,1,-1,1,-1,1,-1,1,1,-1,-1,-1,-1,1,1,1,1,-1,-1,-1,-1,-1,1,-1,1,0.5
885,1,-1,-1,1,1,1,1,1,1,1,1,1,1,1,1,1,1,-1,1,-1,1,-1,1,1,-1,-1,-1,-1,1,1,1,1,-1,-1,-1,-1,-1,1,-1,1,0.5
886,1,-1,-1,1,-1,-1,1,1,1,1,-1,1,1,1,1,1,1,-1,1,-1,1,-1,1,1,-1,-1,-1,-1,-1,1,1,1,-1,-1,-1,-1,-1,-1,1,1,1.0
892,1,1,-1,1,-1,-1,1,-1,-1,-1,-1,-1,1,1,1,1,1,1,1,-1,1,-1,-1,-1,-1,-1,-1,-1,-1,1,-1,-1,1,-1,-1,-1,-1,-1,-1,-1,0.5
892,1,1,-1,1,-1,-1,1,1,-1,-1,-1,-1,1,1,1,1,1,1,1,-1,1,-1,-1,-1,-1,-1,-1,-1,-1,1,-1,-1,1,-1,-1,-1,-1,-1,-1,-1,0.5
894,1,1,1,1,-1,-1,1,1,-1,-1,-1,-1,-1,1,1,1,1,1,1,-1,-1,-1,-1,-1,-1,-1,-1,-1,-1,1,-1,-1,1,-1,-1,-1,1,-1,-1,-1,1.0
896,1,-1,1,1,1,1,1,1,1,-1,-1,-1,-1,1,1,1,1,1,1,-1,-1,-1,-1,-1,-1,-1,-1,-1,1,1,-1,1,1,1,1,-1,1,-1,-1,1,1.0
898,1,-1,-1,1,-1,-1,1,1,-1,1,-1,-1,-1,1,-1,1,-1,1,1,-1,1,-1,1,1,-1,-1,-1,-1,-1,-1,-1,-1,-1,1,-1,-1,-1,-1,-1,1,1.0
899,1,1,1,1,1,1,1,1,-1,1,-1,-1,1,1,1,1,1,-1,1,-1,1,-1,1,1,1,-1,-1,-1,-1,1,1,1,1,-1,-1,1,-1,-1,1,1,1.0
914,1,1,1,1,-1,1,1,1,-1,1,-1,-1,1,1,1,1,1,1,1,-1,1,-1,1,-1,-1,-1,-1,-1,-1,1,1,1,1,-1,-1,-1,-1,-1,1,-1,1.0
919,1,-1,1,1,1,1,1,1,-1,-1,-1,-1,1,1,1,1,1,1,1,-1,1,-1,1,-1,-1,-1,-1,-1,-1,1,1,-1,1,-1,-1,-1,1,-1,1,-1,1.0
925,1,-1,1,1,-1,-1,1,1,-1,-1,-1,-1,1,1,1,1,1,1,1,-1,1,-1,1,1,1,-1,-1,-1,-1,1,1,1,1,1,-1,-1,1,1,1,1,1.0
928,1,1,-1,-1,-1,-1,1,1,-1,-1,-1,-1,1,1,1,1,1,1,1,-1,1,-1,-1,-1,-1,-1,-1,-1,-1,1,1,1,-1,-1,-1,-1,-1,-1,-1,-1,1.0
931,1,1,1,1,1,1,1,1,-1,1,-1,1,1,1,1,1,1,1,1,1,1,-1,1,-1,-1,-1,-1,-1,1,1,1,1,1,-1,-1,-1,1,-1,1,1,1.0
933,1,1,-1,1,-1,-1,1,1,-1,-1,-1,-1,1,1,1,1,1,1,1,1,1,-1,1,1,-1,-1,-1,1,-1,1,1,1,-1,-1,-1,-1,-1,-1,-1,-1,1.0
935,1,1,-1,1,1,-1,1,1,-1,-1,-1,-1,1,1,1,1,1,1,1,-1,1,-1,1,1,-1,-1,-1,-1,-1,1,-1,1,1,-1,-1,-1,-1,-1,1,-1,1.0
937,1,-1,1,1,1,-1,1,1,-1,1,1,1,1,1,1,1,1,-1,1,1,-1,-1,-1,-1,-1,-1,-1,-1,-1,1,-1,1,-1,-1,-1,-1,1,-1,1,1,1.0
938,1,-1,1,-1,1,-1,1,1,-1,1,-1,1,1,1,-1,1,1,-1,-1,-1,-1,-1,-1,-1,-1,-1,-1,-1,1,1,1,1,-1,1,-1,1,-1,1,1,1,1.0
942,1,1,-1,1,-1,-1,1,1,-1,-1,-1,-1,1,1,1,1,1,1,1,-1,1,-1,-1,-1,-1,-1,-1,-1,-1,1,-1,-1,1,1,-1,-1,1,-1,1,-1,1.0
943,1,1,1,1,1,1,1,1,-1,1,-1,-1,1,1,1,1,1,1,1,-1,1,-1,-1,1,-1,-1,-1,-1,1,1,1,1,1,1,1,-1,-1,-1,1,1,1.0
946,1,-1,1,1,1,1,1,1,1,1,-1,1,-1,1,1,1,-1,1,1,-1,1,-1,1,-1,-1,-1,-1,-1,1,1,1,1,1,1,-1,-1,-1,-1,1,1,0.5
946,1,-1,1,1,1,1,1,1,1,1,-1,1,-1,1,1,1,-1,1,1,1,1,-1,1,-1,-1,-1,-1,-1,1,1,1,1,1,1,-1,-1,-1,-1,1,1,0.5
949,1,-1,-1,-1,-1,-1,1,1,1,-1,-1,1,-1,1,-1,-1,1,-1,-1,-1,-1,-1,-1,-1,-1,-1,-1,-1,-1,-1,-1,-1,1,-1,-1,-1,-1,-1,1,-1,1.0
952,1,-1,1,1,1,1,1,1,-1,1,-1,-1,1,1,1,-1,1,1,1,-1,1,-1,1,1,-1,-1,-1,-1,-1,1,-1,1,-1,-1,-1,-1,-1,1,1,-1,1.0
960,1,1,1,1,1,1,1,1,1,1,-1,1,1,1,1,1,1,1,1,-1,-1,-1,-1,-1,-1,-1,-1,-1,1,1,1,1,1,-1,-1,-1,-1,-1,1,1,0.5
960,1,1,1,1,1,1,1,1,1,1,-1,1,1,1,1,1,1,1,1,-1,-1,-1,-1,-1,-1,-1,-1,-1,1,1,1,1,1,-1,-1,-1,-1,1,1,1,0.5
961,1,-1,1,1,1,1,1,1,-1,1,-1,-1,1,1,1,1,1,1,1,-1,-1,-1,-1,-1,-1,-1,-1,-1,-1,-1,1,-1,-1,-1,-1,-1,-1,-1,1,1,1.0
962,1,1,1,1,1,1,1,1,1,1,-1,1,1,1,-1,1,1,1,1,1,1,-1,1,1,-1,-1,-1,-1,-1,1,-1,-1,1,1,1,1,1,1,1,1,1.0
967,1,-1,-1,1,-1,-1,-1,1,1,-1,-1,-1,1,-1,-1,-1,-1,-1,1,-1,-1,-1,-1,-1,-1,-1,-1,-1,-1,-1,-1,-1,1,1,-1,-1,-1,-1,-1,-1,0.125
967,1,-1,-1,1,-1,-1,-1,-1,-1,-1,-1,-1,1,-1,-1,-1,-1,-1,1,-1,-1,-1,-1,-1,-1,-1,-1,-1,-1,-1,-1,-1,1,1,-1,-1,-1,-1,-1,-1,0.125
967,1,-1,-1,1,-1,-1,-1,-1,1,-1,-1,-1,1,-1,-1,-1,-1,-1,1,-1,-1,-1,-1,-1,-1,-1,-1,-1,-1,-1,-1,-1,1,1,-1,-1,-1,-1,-1,-1,0.125
967,1,-1,-1,1,-1,-1,-1,1,-1,-1,-1,-1,1,-1,-1,-1,-1,-1,1,-1,-1,-1,-1,-1,-1,-1,-1,-1,-1,-1,-1,-1,1,1,-1,-1,-1,-1,-1,-1,0.125
967,1,-1,-1,1,-1,-1,1,-1,1,-1,-1,-1,1,-1,-1,-1,-1,-1,1,-1,-1,-1,-1,-1,-1,-1,-1,-1,-1,-1,-1,-1,1,1,-1,-1,-1,-1,-1,-1,0.125
967,1,-1,-1,1,-1,-1,1,1,-1,-1,-1,-1,1,-1,-1,-1,-1,-1,1,-1,-1,-1,-1,-1,-1,-1,-1,-1,-1,-1,-1,-1,1,1,-1,-1,-1,-1,-1,-1,0.125
967,1,-1,-1,1,-1,-1,1,1,1,-1,-1,-1,1,-1,-1,-1,-1,-1,1,-1,-1,-1,-1,-1,-1,-1,-1,-1,-1,-1,-1,-1,1,1,-1,-1,-1,-1,-1,-1,0.125
967,1,-1,-1,1,-1,-1,1,-1,-1,-1,-1,-1,1,-1,-1,-1,-1,-1,1,-1,-1,-1,-1,-1,-1,-1,-1,-1,-1,-1,-1,-1,1,1,-1,-1,-1,-1,-1,-1,0.125
968,1,1,-1,1,-1,-1,1,1,-1,-1,-1,-1,1,1,1,1,1,1,1,-1,1,-1,-1,-1,-1,-1,-1,-1,1,1,1,1,1,1,-1,-1,-1,-1,-1,1,1.0
969,1,1,-1,1,-1,-1,1,1,1,-1,-1,-1,-1,-1,-1,-1,-1,-1,1,-1,1,-1,-1,-1,-1,-1,-1,-1,-1,1,1,1,1,1,-1,-1,-1,-1,-1,1,1.0
971,1,1,1,1,1,1,1,1,1,-1,-1,-1,1,1,1,-1,1,-1,1,-1,-1,-1,1,-1,1,-1,-1,-1,-1,1,1,1,-1,-1,-1,-1,-1,-1,1,-1,1.0
973,1,-1,1,1,-1,1,1,1,-1,1,-1,1,1,1,1,1,1,-1,1,-1,1,-1,1,1,-1,-1,-1,-1,-1,1,1,1,1,-1,-1,-1,1,1,1,1,1.0
974,1,1,1,1,1,1,1,1,-1,1,-1,-1,1,1,1,1,1,1,1,-1,1,-1,1,-1,-1,-1,-1,-1,-1,1,1,1,-1,-1,-1,-1,1,-1,1,1,1.0
975,1,1,-1,1,-1,-1,1,1,-1,-1,-1,-1,1,1,1,1,1,1,1,-1,1,-1,-1,-1,-1,-1,-1,-1,-1,1,-1,-1,1,-1,-1,-1,-1,-1,-1,-1,1.0
976,1,-1,1,1,-1,-1,1,1,1,1,-1,1,1,1,1,1,1,-1,1,-1,1,-1,-1,1,-1,-1,-1,-1,-1,1,-1,1,-1,-1,-1,-1,-1,-1,-1,1,1.0
977,1,-1,-1,1,1,-1,1,1,-1,1,-1,-1,1,1,1,1,1,1,1,-1,1,-1,1,1,-1,-1,-1,-1,-1,1,-1,1,1,-1,-1,-1,-1,-1,1,1,1.0
978,1,-1,1,1,1,1,1,1,-1,1,-1,1,1,1,1,-1,1,1,1,-1,1,-1,1,-1,-1,-1,-1,-1,-1,1,-1,1,1,-1,-1,-1,1,-1,1,1,1.0
981,1,1,-1,1,-1,-1,1,-1,-1,-1,-1,-1,1,1,-1,-1,-1,1,1,-1,1,-1,1,1,-1,-1,-1,-1,-1,1,1,1,1,-1,-1,1,-1,-1,1,1,1.0
983,1,-1,-1,1,1,1,1,1,1,1,-1,1,1,1,1,1,1,-1,1,-1,1,-1,-1,-1,1,-1,-1,-1,-1,1,1,1,-1,1,-1,-1,1,-1,1,1,1.0
984,1,1,1,1,-1,-1,1,1,-1,-1,-1,-1,1,1,1,1,1,1,1,-1,1,-1,1,-1,-1,-1,-1,-1,-1,1,1,1,1,-1,-1,-1,1,-1,-1,-1,1.0
985,1,1,1,1,1,1,1,1,-1,1,-1,1,1,1,-1,1,1,1,1,1,-1,-1,1,1,-1,-1,-1,-1,1,1,1,1,1,-1,-1,-1,1,1,1,1,1.0
986,1,-1,-1,1,-1,-1,1,1,1,-1,-1,-1,-1,1,-1,-1,-1,-1,1,-1,-1,-1,-1,-1,-1,-1,-1,-1,-1,-1,1,-1,1,-1,-1,-1,-1,-1,-1,-1,1.0
987,1,-1,1,1,1,-1,1,1,-1,1,-1,-1,-1,1,1,1,1,1,1,-1,-1,-1,-1,-1,-1,-1,-1,-1,-1,-1,1,1,1,-1,-1,-1,-1,1,1,-1,1.0
988,1,1,-1,1,-1,-1,1,1,-1,-1,-1,-1,1,1,1,1,1,1,1,-1,1,-1,-1,-1,-1,-1,-1,-1,1,1,1,1,-1,-1,-1,-1,-1,-1,-1,-1,1.0
989,1,1,-1,1,1,1,1,1,-1,1,-1,-1,1,1,1,1,1,1,1,-1,1,-1,1,-1,-1,-1,-1,-1,1,1,1,1,1,-1,-1,-1,1,-1,1,-1,1.0
991,1,-1,-1,1,-1,-1,1,1,1,-1,-1,-1,-1,-1,-1,-1,-1,-1,1,-1,-1,-1,-1,-1,-1,-1,-1,-1,1,-1,-1,-1,-1,-1,-1,-1,-1,-1,-1,-1,1.0
993,1,-1,1,1,1,1,1,1,-1,1,1,1,1,1,1,1,1,-1,1,-1,-1,-1,-1,-1,-1,-1,-1,-1,-1,1,1,1,1,-1,-1,1,1,-1,1,-1,1.0
995,1,-1,-1,1,1,1,1,1,1,1,-1,-1,-1,1,1,-1,1,-1,1,-1,1,-1,-1,1,-1,-1,-1,-1,-1,-1,-1,-1,1,-1,-1,-1,-1,1,-1,1,1.0
1008,1,-1,1,1,1,1,1,1,-1,1,-1,1,1,1,1,1,1,1,1,-1,1,-1,-1,1,-1,-1,-1,-1,1,1,1,1,1,1,-1,-1,-1,1,1,1,1.0
1013,1,-1,-1,1,-1,-1,1,1,-1,-1,-1,-1,-1,1,1,1,-1,1,1,-1,-1,-1,-1,1,1,-1,-1,-1,-1,1,1,1,-1,-1,-1,-1,-1,-1,1,1,1.0
1037,1,-1,1,1,1,1,1,1,-1,1,-1,1,1,1,1,1,1,-1,1,-1,1,-1,-1,1,-1,-1,-1,-1,-1,1,-1,-1,-1,1,-1,-1,-1,1,1,1,1.0
1038,1,-1,-1,1,1,1,1,1,-1,1,-1,-1,1,1,1,1,1,1,1,-1,-1,-1,1,1,-1,-1,-1,-1,-1,1,1,1,1,1,1,-1,-1,-1,1,1,1.0
1041,1,1,-1,1,1,1,1,1,-1,1,-1,1,1,1,1,1,1,1,1,-1,1,-1,1,1,-1,-1,-1,-1,1,1,1,1,1,1,-1,-1,1,1,1,1,1.0
1071,1,-1,-1,-1,1,1,1,1,-1,1,-1,-1,1,1,1,1,1,-1,1,-1,-1,-1,-1,-1,-1,-1,-1,-1,1,1,-1,-1,-1,-1,-1,-1,-1,-1,1,-1,1.0
1076,1,1,1,1,1,1,1,1,-1,1,-1,-1,1,1,1,1,1,1,-1,1,-1,-1,1,1,-1,-1,-1,-1,1,1,-1,1,-1,-1,-1,1,1,-1,1,1,1.0
1083,1,-1,1,1,1,1,1,1,1,1,-1,1,1,1,1,1,1,1,1,-1,-1,-1,-1,1,-1,-1,-1,-1,-1,-1,-1,-1,1,-1,-1,-1,1,1,1,1,1.0
1087,1,1,1,1,-1,-1,1,1,-1,-1,-1,-1,1,1,1,1,1,1,1,-1,-1,-1,1,1,-1,-1,-1,-1,1,1,1,-1,-1,-1,-1,-1,-1,-1,1,1,1.0
1127,1,1,-1,1,1,1,1,1,-1,-1,-1,-1,1,1,1,1,1,1,1,-1,-1,-1,-1,-1,-1,-1,-1,-1,-1,1,-1,1,1,1,-1,-1,1,-1,1,-1,1.0
1140,1,1,1,1,1,1,1,1,-1,1,-1,1,1,1,1,1,1,-1,1,-1,-1,-1,1,-1,-1,-1,-1,-1,-1,-1,1,1,1,-1,-1,-1,-1,-1,-1,1,1.0
1154,1,-1,-1,-1,-1,-1,1,1,1,-1,-1,-1,-1,1,-1,1,1,-1,-1,-1,-1,-1,-1,-1,-1,-1,-1,-1,1,1,1,-1,-1,-1,-1,-1,-1,-1,-1,-1,1.0
1180,1,1,-1,1,1,1,1,1,1,1,1,1,1,1,1,1,1,-1,1,-1,-1,-1,1,1,-1,-1,-1,1,1,1,1,1,-1,1,-1,-1,-1,1,1,1,1.0
1192,1,1,1,1,1,1,1,1,1,1,1,1,1,1,1,1,1,-1,1,-1,-1,-1,1,1,-1,-1,-1,-1,1,1,1,1,1,1,-1,-1,-1,1,1,1,1.0
1248,1,-1,1,-1,1,1,1,1,-1,1,-1,1,1,1,1,1,1,-1,1,-1,-1,-1,-1,-1,-1,-1,-1,-1,1,1,1,1,-1,-1,-1,-1,-1,-1,1,1,1.0
1293,1,-1,1,1,1,1,1,1,-1,1,-1,-1,1,1,1,1,1,-1,1,-1,1,-1,-1,-1,-1,-1,-1,-1,-1,1,1,1,-1,1,-1,-1,-1,-1,1,1,1.0
1304,1,1,-1,1,-1,-1,1,1,-1,-1,-1,-1,-1,1,-1,-1,1,-1,1,-1,-1,-1,-1,-1,-1,-1,-1,-1,-1,1,-1,-1,-1,-1,-1,-1,-1,-1,1,-1,1.0
1307,1,1,-1,1,-1,-1,1,1,-1,-1,-1,-1,1,1,1,1,1,1,1,-1,1,-1,-1,-1,-1,-1,-1,-1,-1,1,-1,1,1,-1,-1,-1,-1,-1,-1,-1,1.0
1311,1,1,-1,1,-1,-1,1,1,-1,-1,-1,-1,1,1,1,1,1,1,1,-1,1,-1,-1,1,-1,-1,-1,-1,1,1,1,1,1,-1,-1,-1,-1,-1,1,-1,1.0
1319,1,-1,-1,1,1,1,1,1,1,-1,-1,-1,-1,1,-1,-1,-1,1,1,-1,-1,-1,-1,-1,-1,-1,-1,-1,-1,1,1,1,-1,-1,-1,-1,-1,-1,1,1,1.0
1321,1,1,-1,1,1,-1,1,1,-1,1,-1,-1,1,1,1,1,1,-1,1,-1,1,-1,1,1,-1,-1,-1,-1,1,1,1,1,1,1,1,1,1,-1,1,1,1.0
1322,1,-1,1,-1,1,1,1,1,1,-1,-1,1,1,1,1,1,1,-1,1,-1,-1,-1,-1,-1,-1,-1,-1,-1,-1,-1,-1,-1,-1,-1,-1,-1,-1,-1,-1,-1,1.0
1334,1,1,-1,1,-1,-1,1,1,-1,-1,-1,-1,1,1,1,1,1,1,1,-1,1,-1,-1,-1,-1,-1,-1,-1,-1,1,-1,-1,1,-1,-1,-1,-1,-1,-1,-1,1.0
1335,1,1,-1,1,-1,-1,1,1,-1,1,-1,-1,1,1,1,-1,-1,1,1,1,-1,-1,1,-1,-1,-1,-1,-1,-1,1,1,1,1,-1,-1,-1,-1,-1,-1,-1,1.0
1341,1,1,-1,1,-1,-1,1,1,-1,1,-1,-1,1,1,1,1,1,1,1,-1,1,1,1,1,-1,-1,-1,-1,-1,1,1,1,1,-1,-1,-1,-1,-1,-1,1,1.0
1352,1,-1,-1,1,1,-1,1,-1,1,1,-1,-1,-1,1,1,1,1,-1,1,-1,-1,-1,1,1,-1,-1,-1,-1,-1,1,1,1,-1,-1,-1,-1,-1,-1,1,-1,1.0
1371,1,1,1,1,1,1,1,1,-1,1,-1,-1,1,1,1,1,1,1,1,-1,1,-1,1,1,1,-1,-1,-1,1,1,-1,-1,1,-1,-1,-1,1,-1,-1,-1,1.0
1374,1,1,1,1,1,1,1,1,-1,-1,-1,-1,1,1,1,1,1,1,1,-1,1,-1,1,-1,-1,-1,-1,-1,1,1,-1,1,1,-1,-1,-1,-1,-1,1,1,1.0
1396,1,-1,1,1,1,1,1,1,-1,1,1,1,1,1,-1,1,-1,1,1,-1,1,-1,1,1,-1,-1,-1,-1,-1,-1,1,1,1,1,1,-1,1,1,1,-1,1.0
1412,1,1,-1,1,-1,-1,1,-1,1,-1,-1,1,1,1,1,-1,1,-1,1,-1,-1,-1,-1,-1,-1,-1,-1,-1,-1,1,1,1,1,-1,-1,-1,-1,-1,1,-1,1.0
1419,1,-1,1,1,1,1,1,1,-1,1,-1,1,1,1,1,1,1,-1,1,-1,-1,-1,-1,1,-1,-1,-1,-1,-1,1,-1,-1,-1,1,1,-1,-1,1,1,1,1.0
1495,1,1,-1,1,-1,-1,-1,-1,-1,-1,-1,-1,-1,-1,-1,-1,-1,-1,-1,-1,-1,-1,-1,-1,-1,-1,-1,-1,-1,-1,-1,-1,-1,-1,-1,-1,-1,-1,-1,-1,0.5
1495,1,1,-1,1,-1,-1,-1,-1,-1,-1,-1,-1,-1,-1,-1,-1,-1,-1,-1,-1,-1,-1,-1,-1,-1,-1,-1,-1,-1,-1,1,-1,-1,-1,-1,-1,-1,-1,-1,-1,0.5
1542,1,1,-1,1,1,1,1,1,1,-1,-1,1,1,1,1,1,1,-1,1,-1,-1,-1,-1,-1,-1,-1,-1,-1,-1,-1,1,1,-1,1,-1,-1,1,1,1,1,1.0
